model,best_val_loss,exact_match,word_bleu4,char_bleu4,char_accuracy,sequence_similarity,seconds
Problem 1 Baseline GRU,5.2226710468530655,0.0,0.0276219275134429,0.1462660622714653,0.148304300673519,0.4289322176814039,17.598612546920776
Problem 2 Attention GRU,5.014627772250345,0.0,0.0588609374925035,0.2431247435855219,0.1835152992675098,0.4687588778092693,23.235819816589355
